collectionDate,friendshipType,touyouID,touyouName,userID
2018-11-08 08:28:49,touy,229287,zhouxf,1
2018-11-08 08:28:49,touy,123025,红岭创投官方,1
2018-11-08 08:28:49,touy,73885,苦菜根,1
2018-11-08 08:28:49,touy,138109,2014_liujing,1
2018-11-08 08:28:49,touy,38199,SAZLLSHE,1
2018-11-08 08:28:49,touy,159460,wayhome,1
2018-11-08 08:28:49,touy,158311,李伟超,1
2018-11-08 08:28:49,touy,137337,梁秘书长,1
2018-11-08 08:28:49,touy,134598,roy395,1
2018-11-08 08:29:02,touy,72625,甲乙丙丁ABC,1
2018-11-08 08:29:02,touy,50939,残月,1
2018-11-08 08:29:02,touy,55760,haorizi,1
2018-11-08 08:29:02,touy,7766,贷帮网,1
2018-11-08 08:29:02,touy,6963,网贷之家天平,1
2018-11-08 08:29:02,touy,7477,中国义工,1
2018-11-08 08:29:04,touy,74686,琪琪cyxuan,12
2018-11-08 08:29:04,touy,40617,と守望幸福つ,12
2018-11-08 08:29:04,touy,8764,诚诚,12
2018-11-08 08:29:06,touy,23829,国鼎投融,18
2018-11-08 08:29:06,touy,19570,anxintian,18
2018-11-08 08:29:06,touy,11609,天涯网贷人,18
2018-11-08 08:29:06,touy,6656,hwygy001,18
2018-11-08 08:29:06,touy,22818,漂移,18
2018-11-08 08:29:06,touy,22510,李寻欢,18
2018-11-08 08:29:06,touy,22463,dd20130819,18
2018-11-08 08:29:06,touy,22954,牛魔王,18
2018-11-08 08:29:10,touy,23025,sarah,18
2018-11-08 08:29:10,touy,22829,我叫肉肉,18
2018-11-08 08:29:10,touy,22692,easther83,18
2018-11-08 08:29:10,touy,20096,wangfeng,18
2018-11-08 08:29:10,touy,17405,小蛮,18
2018-11-08 08:29:10,touy,17497,wanwan123,18
2018-11-08 08:29:10,touy,22621,积木,18
2018-11-08 08:29:11,touy,187030,半遮羞,28
2018-11-08 08:29:11,touy,233862,小鹅网,28
2018-11-08 08:29:11,touy,163452,toowwe,28
2018-11-08 08:29:11,touy,35196,有喜财富,28
2018-11-08 08:29:11,touy,56813,chang,28
2018-11-08 08:29:11,touy,1138194,P2P羊毛返利总群,29
2018-11-08 08:29:11,touy,1,admin_wdzj,29
2018-11-08 08:29:14,touy,20100,蜜汁,18
2018-11-08 08:29:14,touy,21094,美丽人生0517,18
2018-11-08 08:29:14,touy,20144,银实贷石头,18
2018-11-08 08:29:14,touy,17496,majc,18
2018-11-08 08:29:14,touy,14873,万家兄弟,18
2018-11-08 08:29:14,touy,20382,Jessica_609,18
2018-11-08 08:29:14,touy,4540,lmy0664,18
2018-11-08 08:29:15,touy,27428,金豪利,37
2018-11-08 08:29:15,touy,27428,金豪利,38
2018-11-08 08:29:17,touy,20910,jery,42
2018-11-08 08:29:17,touy,19741,my标客--小雨,42
2018-11-08 08:29:17,touy,7766,贷帮网,42
2018-11-08 08:29:17,touy,10328,非凡的蓝,42
2018-11-08 08:29:17,touy,8764,诚诚,42
2018-11-08 08:29:17,touy,10041,逍遥子,42
2018-11-08 08:29:17,touy,7234,通融易贷小芬,42
2018-11-08 08:29:17,touy,7849,七_夏,42
2018-11-08 08:29:17,touy,19850,我本善良,18
2018-11-08 08:29:17,touy,12980,beth,18
2018-11-08 08:29:17,touy,19881,cloud,18
2018-11-08 08:29:17,touy,16134,Abraham_Lincoln,18
2018-11-08 08:29:17,touy,19829,一枪干倒,18
2018-11-08 08:29:17,touy,19491,法依迪,18
2018-11-08 08:29:17,touy,19212,三生万物,18
2018-11-08 08:29:17,touy,17504,ocbaker,18
2018-11-08 08:29:17,touy,17010,水贴之神,18
2018-11-08 08:29:18,touy,8764,诚诚,44
2018-11-08 08:29:18,touy,123,谨明,44
2018-11-08 08:29:19,touy,27428,金豪利,45
2018-11-08 08:29:20,touy,27428,金豪利,47
2018-11-08 08:29:21,touy,27428,金豪利,49
2018-11-08 08:29:21,touy,1842,笨鸟认真飞,42
2018-11-08 08:29:21,touy,4845,elifecn,42
2018-11-08 08:29:21,touy,316,包谷芯,42
2018-11-08 08:29:21,touy,569,frankzou,42
2018-11-08 08:29:21,touy,17118,唤醒,18
2018-11-08 08:29:21,touy,12634,中州易贷老范,18
2018-11-08 08:29:21,touy,14026,longjxchina,18
2018-11-08 08:29:21,touy,14693,ESE灰太狼,18
2018-11-08 08:29:21,touy,7829,易网贷,18
2018-11-08 08:29:21,touy,9606,孤星泪,18
2018-11-08 08:29:21,touy,16397,jiajiaxin,18
2018-11-08 08:29:21,touy,15950,strawberry,18
2018-11-08 08:29:22,touy,27428,金豪利,51
2018-11-08 08:29:24,touy,8993,yzhou,55
2018-11-08 08:29:24,touy,8764,诚诚,55
2018-11-08 08:29:24,touy,7938,招财猫猫,55
2018-11-08 08:29:24,touy,722,网贷之家石头,55
2018-11-08 08:29:24,touy,316,包谷芯,56
2018-11-08 08:29:24,touy,1617,google5000,56
2018-11-08 08:29:24,touy,722,网贷之家石头,56
2018-11-08 08:29:25,touy,7766,贷帮网,18
2018-11-08 08:29:25,touy,7982,星星知我心,18
2018-11-08 08:29:25,touy,16101,090801808164,18
2018-11-08 08:29:25,touy,11830,欧.V.Romeo,18
2018-11-08 08:29:25,touy,15758,wdylzf0115,18
2018-11-08 08:29:25,touy,15174,wangleiaaa,18
2018-11-08 08:29:25,touy,12142,爱吃肉的流氓兔,18
2018-11-08 08:29:25,touy,13102,网贷0007,18
2018-11-08 08:29:26,touy,27428,金豪利,59
2018-11-08 08:29:27,touy,22086,推广/发稿/SEO/B,61
2018-11-08 08:29:27,touy,7575,猫咪007,61
2018-11-08 08:29:29,touy,15389,hexin123456,18
2018-11-08 08:29:29,touy,14489,妖孽李,18
2018-11-08 08:29:29,touy,11247,那_仁,18
2018-11-08 08:29:29,touy,14533,全诚贷客服汐颜,18
2018-11-08 08:29:29,touy,14571,云外千峰,18
2018-11-08 08:29:29,touy,15108,起航贷,18
2018-11-08 08:29:29,touy,11418,Dream,18
2018-11-08 08:29:29,touy,14800,wst,18
2018-11-08 08:29:29,touy,13647,lmwwave,18
2018-11-08 08:29:30,touy,6453,星辰心愿,68
2018-11-08 08:29:30,touy,316,包谷芯,68
2018-11-08 08:29:30,touy,257,wjb,68
2018-11-08 08:29:30,touy,569,frankzou,68
2018-11-08 08:29:30,touy,123,谨明,68
2018-11-08 08:29:31,touy,913001,洋气洋气,69
2018-11-08 08:29:31,touy,984690,金道人识财,69
2018-11-08 08:29:31,touy,80843,千世绝恋,69
2018-11-08 08:29:31,touy,218369,钟无艳机智的太婆,69
2018-11-08 08:29:31,touy,163452,toowwe,69
2018-11-08 08:29:31,touy,137,a5a1,69
2018-11-08 08:29:31,touy,1120,sun147896325,69
2018-11-08 08:29:31,touy,316,包谷芯,69
2018-11-08 08:29:31,touy,7575,猫咪007,70
2018-11-08 08:29:32,touy,35196,有喜财富,71
2018-11-08 08:29:32,touy,56815,霸气范,71
2018-11-08 08:29:32,touy,147066,未来合作,71
2018-11-08 08:29:32,touy,120385,sd1005777,71
2018-11-08 08:29:32,touy,33647,范姣,71
2018-11-08 08:29:32,touy,30901,2012小麦兜,71
2018-11-08 08:29:32,touy,19887,My标客_小维,71
2018-11-08 08:29:32,touy,15046,330802,71
2018-11-08 08:29:32,touy,8993,yzhou,71
2018-11-08 08:29:33,touy,14749,东方诸葛,18
2018-11-08 08:29:33,touy,14244,论坛管理员1,18
2018-11-08 08:29:33,touy,13809,爱富爸爸,18
2018-11-08 08:29:33,touy,11334,网贷之家拂尘,18
2018-11-08 08:29:33,touy,14443,客服--小杜,18
2018-11-08 08:29:33,touy,13885,东方凌宇,18
2018-11-08 08:29:33,touy,14257,leohang,18
2018-11-08 08:29:33,touy,10328,非凡的蓝,18
2018-11-08 08:29:33,touy,1968,恒逸,18
2018-11-08 08:29:36,touy,18574,潇湘月浸,78
2018-11-08 08:29:37,touy,13562,frank113,71
2018-11-08 08:29:37,touy,287,曾经,71
2018-11-08 08:29:39,touy,9141,七圆钱,18
2018-11-08 08:29:39,touy,13895,天在下雨,18
2018-11-08 08:29:39,touy,8993,yzhou,18
2018-11-08 08:29:39,touy,12834,yanruyu,18
2018-11-08 08:29:39,touy,13851,睿逸财富,18
2018-11-08 08:29:39,touy,13858,1280449573,18
2018-11-08 08:29:39,touy,12896,骑着毛驴来投资,18
2018-11-08 08:29:39,touy,13396,莲花财富1004,18
2018-11-08 08:29:41,touy,87383,联合货币财富,85
2018-11-08 08:29:43,touy,411,jlx2000cn,18
2018-11-08 08:29:43,touy,6473,简单生活,18
2018-11-08 08:29:43,touy,12792,小吉吉,18
2018-11-08 08:29:43,touy,12154,徽融通-枫,18
2018-11-08 08:29:43,touy,11850,融易贷~小洁,18
2018-11-08 08:29:43,touy,11820,yuzhou423,18
2018-11-08 08:29:43,touy,10771,七夏,18
2018-11-08 08:29:47,touy,10010,未封存的希冀,18
2018-11-08 08:29:47,touy,8373,沙鑫,18
2018-11-08 08:29:47,touy,11367,会飞的包子,18
2018-11-08 08:29:47,touy,10567,不爱红妆爱武装,18
2018-11-08 08:29:47,touy,10025,zczzcc,18
2018-11-08 08:29:47,touy,10533,M。,18
2018-11-08 08:29:47,touy,8792,ustcrat,18
2018-11-08 08:29:47,touy,10303,huachai0716,18
2018-11-08 08:29:51,touy,9558,mjjlsb,18
2018-11-08 08:29:51,touy,10275,在线-冰,18
2018-11-08 08:29:51,touy,9419,irover,18
2018-11-08 08:29:51,touy,10150,你的选择不会错,18
2018-11-08 08:29:51,touy,10132,适者生存,18
2018-11-08 08:29:51,touy,9715,工商贷-清清,18
2018-11-08 08:29:51,touy,9678,安仔,18
2018-11-08 08:29:51,touy,9959,丽丽516127,18
2018-11-08 08:29:51,touy,7906,融信贷-依依,18
2018-11-08 08:29:55,touy,316,包谷芯,112
2018-11-08 08:29:55,touy,9950,huxk88,18
2018-11-08 08:29:55,touy,9909,-E商都,18
2018-11-08 08:29:55,touy,9759,caixd,18
2018-11-08 08:29:55,touy,9410,fengqixie,18
2018-11-08 08:29:55,touy,8995,p2p网贷,18
2018-11-08 08:29:55,touy,9366,zhuzhubf,18
2018-11-08 08:29:55,touy,8764,诚诚,18
2018-11-08 08:29:55,touy,8365,岚风隐月,18
2018-11-08 08:29:56,touy,143415,sp0731,113
2018-11-08 08:29:56,touy,123,谨明,113
2018-11-08 08:29:56,touy,43710,taipingyang,113
2018-11-08 08:29:56,touy,46113,flde118,113
2018-11-08 08:29:56,touy,111131,网贷群138162658,113
2018-11-08 08:29:56,touy,116358,^小雨淅淅^,113
2018-11-08 08:29:56,touy,119711,百合朵朵,113
2018-11-08 08:29:56,touy,70258,厚昌,113
2018-11-08 08:29:56,touy,56944,奥路菲,113
2018-11-08 08:29:58,touy,8764,诚诚,117
2018-11-08 08:29:58,touy,316,包谷芯,119
2018-11-08 08:29:59,touy,813558,卖切糕,120
2018-11-08 08:29:59,touy,890333,pandy,120
2018-11-08 08:29:59,touy,912386,无马哥,120
2018-11-08 08:29:59,touy,901370,左边枫,120
2018-11-08 08:29:59,touy,21529,火锅,120
2018-11-08 08:29:59,touy,223990,cherry11,120
2018-11-08 08:29:59,touy,277599,网贷枫哥,120
2018-11-08 08:29:59,touy,234195,一头长颈鹿,120
2018-11-08 08:29:59,touy,771506,西瓜理财,120
2018-11-08 08:29:59,touy,7048,楚狂人,18
2018-11-08 08:29:59,touy,8511,易网贷张楠,18
2018-11-08 08:29:59,touy,7306,limitzy,18
2018-11-08 08:29:59,touy,7810,麦霸,18
2018-11-08 08:29:59,touy,7849,七_夏,18
2018-11-08 08:29:59,touy,7674,伊娃,18
2018-11-08 08:29:59,touy,8248,594370514,18
2018-11-08 08:29:59,touy,4982,黄金,18
2018-11-08 08:30:00,touy,18683,jolly12580,113
2018-11-08 08:30:00,touy,101732,chly2010,113
2018-11-08 08:30:00,touy,114080,yukuo1989,113
2018-11-08 08:30:00,touy,34157,榈弘金,113
2018-11-08 08:30:00,touy,46283,随便买个先,113
2018-11-08 08:30:00,touy,43657,条山居士,113
2018-11-08 08:30:00,touy,127190,专门不听专家的,113
2018-11-08 08:30:00,touy,137337,梁秘书长,113
2018-11-08 08:30:00,touy,132808,财主承影,113
2018-11-08 08:30:01,touy,291128,余梦似海,123
2018-11-08 08:30:01,touy,282540,西瓜_卡卡罗特,123
2018-11-08 08:30:01,touy,295340,summer1220,123
2018-11-08 08:30:01,touy,289992,pageey,123
2018-11-08 08:30:01,touy,249780,nicoleyu,123
2018-11-08 08:30:01,touy,273911,沙子,123
2018-11-08 08:30:01,touy,16672,拉德欧兔,123
2018-11-08 08:30:01,touy,300199,好有钱小子,123
2018-11-08 08:30:01,touy,320070,小沐沐999,123
2018-11-08 08:30:03,touy,725232,ly0401,120
2018-11-08 08:30:03,touy,755926,闻壶叙香,120
2018-11-08 08:30:03,touy,686026,zhwy6,120
2018-11-08 08:30:03,touy,165845,sjzzhzs,120
2018-11-08 08:30:03,touy,695254,嘚嘚乐,120
2018-11-08 08:30:03,touy,695778,万富宝_xiao,120
2018-11-08 08:30:03,touy,709459,联动优势P2P托管,120
2018-11-08 08:30:03,touy,658969,游历,120
2018-11-08 08:30:03,touy,187323,lhzjh2,120
2018-11-08 08:30:04,touy,7798,YOUMI,18
2018-11-08 08:30:04,touy,930,烈日逐风,18
2018-11-08 08:30:04,touy,7665,香水鱼999,18
2018-11-08 08:30:04,touy,7575,猫咪007,18
2018-11-08 08:30:04,touy,6760,taobaomap,18
2018-11-08 08:30:04,touy,1691,ggg110,18
2018-11-08 08:30:04,touy,7235,feiya0823,18
2018-11-08 08:30:04,touy,6990,SUNNY,18
2018-11-08 08:30:04,touy,166,sos635,18
2018-11-08 08:30:04,touy,34997,℡﹏在我这！,113
2018-11-08 08:30:04,touy,22893,钱海创投—灵儿,113
2018-11-08 08:30:04,touy,11830,欧.V.Romeo,113
2018-11-08 08:30:04,touy,12263,shjt54099,113
2018-11-08 08:30:04,touy,12407,鸡毛掸子,113
2018-11-08 08:30:04,touy,19455,竹林独坐,113
2018-11-08 08:30:04,touy,27941,dadidai999,113
2018-11-08 08:30:04,touy,28492,ch3fly,113
2018-11-08 08:30:06,touy,287227,阿狸要理财,123
2018-11-08 08:30:06,touy,254528,小鹅网wen,123
2018-11-08 08:30:06,touy,155712,xuyue911,123
2018-11-08 08:30:06,touy,159982,hxc612,123
2018-11-08 08:30:06,touy,247981,esfgm,123
2018-11-08 08:30:06,touy,228546,cosfly,123
2018-11-08 08:30:06,touy,206875,长沙银河创投,123
2018-11-08 08:30:06,touy,229780,孤独终老,123
2018-11-08 08:30:06,touy,225697,jjk226,123
2018-11-08 08:30:08,touy,667295,sunflower123,120
2018-11-08 08:30:08,touy,110552,画影,120
2018-11-08 08:30:08,touy,152898,不大有三,120
2018-11-08 08:30:08,touy,60047,ftptop,120
2018-11-08 08:30:08,touy,701628,网贷有缘人啊,120
2018-11-08 08:30:08,touy,703131,laibaoguang,120
2018-11-08 08:30:08,touy,703891,wapi5757,120
2018-11-08 08:30:08,touy,141676,zhanchaonew,120
2018-11-08 08:30:08,touy,701091,ST,120
2018-11-08 08:30:08,touy,6862,通融佳佳,18
2018-11-08 08:30:08,touy,3106,陈亦润,18
2018-11-08 08:30:08,touy,7278,23度,18
2018-11-08 08:30:08,touy,6550,小温,18
2018-11-08 08:30:08,touy,6815,帝友P2P借贷系统,18
2018-11-08 08:30:08,touy,836,wnba2008xx,18
2018-11-08 08:30:08,touy,6768,jiedaip2p,18
2018-11-08 08:30:08,touy,3624,suya_2002,18
2018-11-08 08:30:08,touy,4455,大卫李,18
2018-11-08 08:30:09,touy,18978,如月,113
2018-11-08 08:30:09,touy,28267,笨蛋,113
2018-11-08 08:30:09,touy,15846,喜羊羊,113
2018-11-08 08:30:09,touy,33647,范姣,113
2018-11-08 08:30:09,touy,17007,marschen,113
2018-11-08 08:30:09,touy,29539,食利者之星,113
2018-11-08 08:30:09,touy,22391,平一指清秀的姐夫,113
2018-11-08 08:30:09,touy,13482,一抹亮色,113
2018-11-08 08:30:09,touy,17772,不知何人,113
2018-11-08 08:30:10,touy,238241,137913710,123
2018-11-08 08:30:10,touy,226369,歌拉斯,123
2018-11-08 08:30:10,touy,121439,敬亭山,123
2018-11-08 08:30:10,touy,163904,飞鸟金融,123
2018-11-08 08:30:10,touy,158959,宇智波周,123
2018-11-08 08:30:10,touy,177691,lqchappy,123
2018-11-08 08:30:10,touy,194570,Myzy328,123
2018-11-08 08:30:10,touy,202102,ebull613,123
2018-11-08 08:30:10,touy,197679,滴滴聚财网,123
2018-11-08 08:30:12,touy,163452,toowwe,136
2018-11-08 08:30:12,touy,179486,爆光群236312762,136
2018-11-08 08:30:12,touy,147710,P2P网贷系统,136
2018-11-08 08:30:12,touy,137337,梁秘书长,136
2018-11-08 08:30:12,touy,120385,sd1005777,136
2018-11-08 08:30:12,touy,109483,chengyun916,136
2018-11-08 08:30:12,touy,87383,联合货币财富,136
2018-11-08 08:30:12,touy,76214,funny,136
2018-11-08 08:30:12,touy,35196,有喜财富,136
2018-11-08 08:30:12,touy,17457,那件小事,120
2018-11-08 08:30:12,touy,695775,万富宝_小q,120
2018-11-08 08:30:12,touy,660578,hf2015,120
2018-11-08 08:30:12,touy,119340,雨悠悠,120
2018-11-08 08:30:12,touy,253076,xuchunli,120
2018-11-08 08:30:12,touy,151248,江南吟才,120
2018-11-08 08:30:12,touy,134402,yangdejian,120
2018-11-08 08:30:12,touy,133206,zhangqidashu,120
2018-11-08 08:30:12,touy,290359,dewd12,120
2018-11-08 08:30:13,touy,5693,沱沱江,18
2018-11-08 08:30:13,touy,6345,WDZJ06,18
2018-11-08 08:30:13,touy,4168,zidane,18
2018-11-08 08:30:13,touy,4727,明天过后,18
2018-11-08 08:30:13,touy,3348,pxhaitao,18
2018-11-08 08:30:13,touy,1842,笨鸟认真飞,18
2018-11-08 08:30:13,touy,7766,贷帮网,113
2018-11-08 08:30:13,touy,12142,爱吃肉的流氓兔,113
2018-11-08 08:30:13,touy,7253,xgq,113
2018-11-08 08:30:13,touy,9419,irover,113
2018-11-08 08:30:13,touy,15504,LILYAU,113
2018-11-08 08:30:13,touy,961,dragon龙,113
2018-11-08 08:30:13,touy,7828,老枪哥AK47,113
2018-11-08 08:30:13,touy,1523,iuiuiu,113
2018-11-08 08:30:13,touy,7477,中国义工,113
2018-11-08 08:30:14,touy,123,谨明,137
2018-11-08 08:30:14,touy,7674,伊娃,137
2018-11-08 08:30:14,touy,69,edai365,137
2018-11-08 08:30:15,touy,189979,理财女王,123
2018-11-08 08:30:15,touy,11589,沧海之粟,123
2018-11-08 08:30:15,touy,110703,果汁峰会,123
2018-11-08 08:30:15,touy,192275,是不是啊,123
2018-11-08 08:30:15,touy,111624,Wong,123
2018-11-08 08:30:15,touy,178931,好运来0168,123
2018-11-08 08:30:15,touy,186803,___静儿,123
2018-11-08 08:30:15,touy,187061,徐小磊,123
2018-11-08 08:30:15,touy,68385,jhcmok,123
2018-11-08 08:30:16,touy,96837,宏鑫宝,140
2018-11-08 08:30:16,touy,35196,有喜财富,140
2018-11-08 08:30:16,touy,8128,2038612715,140
2018-11-08 08:30:16,touy,8764,诚诚,140
2018-11-08 08:30:16,touy,7674,伊娃,140
2018-11-08 08:30:16,touy,8511,易网贷张楠,140
2018-11-08 08:30:16,touy,8514,花落,140
2018-11-08 08:30:16,touy,7477,中国义工,140
2018-11-08 08:30:16,touy,5398,2370547191,140
2018-11-08 08:30:16,touy,20047,玉儿,136
2018-11-08 08:30:16,touy,17694,顿宛励犁,136
2018-11-08 08:30:16,touy,16536,花祭,136
2018-11-08 08:30:16,touy,15046,330802,136
2018-11-08 08:30:16,touy,7766,贷帮网,136
2018-11-08 08:30:16,touy,8993,yzhou,136
2018-11-08 08:30:16,touy,15072,QQ乐园,136
2018-11-08 08:30:16,touy,8764,诚诚,136
2018-11-08 08:30:16,touy,283000,皆兵,120
2018-11-08 08:30:16,touy,147844,tshy0305,120
2018-11-08 08:30:16,touy,223286,illeife,120
2018-11-08 08:30:16,touy,59476,woshilonglong,120
2018-11-08 08:30:16,touy,157934,西风爱小米,120
2018-11-08 08:30:16,touy,524627,西域生,120
2018-11-08 08:30:16,touy,613213,yubo1314,120
2018-11-08 08:30:16,touy,612067,凌锐金融,120
2018-11-08 08:30:16,touy,239344,众利通,120
2018-11-08 08:30:17,touy,1617,google5000,18
2018-11-08 08:30:17,touy,1511,神_我想见你,18
2018-11-08 08:30:17,touy,316,包谷芯,18
2018-11-08 08:30:17,touy,804,killingtime,18
2018-11-08 08:30:17,touy,257,wjb,18
2018-11-08 08:30:17,touy,287,曾经,18
2018-11-08 08:30:17,touy,569,frankzou,18
2018-11-08 08:30:17,touy,123,谨明,18
2018-11-08 08:30:17,touy,4109,klda,113
2018-11-08 08:30:17,touy,4425,chikong2008,113
2018-11-08 08:30:17,touy,3348,pxhaitao,113
2018-11-08 08:30:17,touy,316,包谷芯,113
2018-11-08 08:30:17,touy,3384,jhw19,113
2018-11-08 08:30:17,touy,1842,笨鸟认真飞,113
2018-11-08 08:30:17,touy,569,frankzou,113
2018-11-08 08:30:19,touy,184770,lovemilky,123
2018-11-08 08:30:19,touy,183231,零花钱123,123
2018-11-08 08:30:19,touy,178363,老鸟,123
2018-11-08 08:30:19,touy,53730,那一抹微笑,123
2018-11-08 08:30:19,touy,175056,刘思阳,123
2018-11-08 08:30:19,touy,182186,淘金家官方账号,123
2018-11-08 08:30:19,touy,173594,iefof123,123
2018-11-08 08:30:19,touy,181785,wdzjsavage,123
2018-11-08 08:30:19,touy,174608,在一起,123
2018-11-08 08:30:19,touy,560266,张艺涵,143
2018-11-08 08:30:19,touy,289047,龙九少,143
2018-11-08 08:30:19,touy,170434,wangcaibaobao,143
2018-11-08 08:30:19,touy,547920,长使英雄泪满襟,143
2018-11-08 08:30:19,touy,257551,小鹅网LAN,143
2018-11-08 08:30:19,touy,233862,小鹅网,143
2018-11-08 08:30:19,touy,227946,leejaa,143
2018-11-08 08:30:19,touy,115518,惠卡宝_理财神器,143
2018-11-08 08:30:19,touy,20910,jery,143
2018-11-08 08:30:20,touy,6453,星辰心愿,140
2018-11-08 08:30:20,touy,944,ydlyg,136
2018-11-08 08:30:20,touy,4407,老字号,136
2018-11-08 08:30:20,touy,3602,SR^小波,136
2018-11-08 08:30:20,touy,316,包谷芯,136
2018-11-08 08:30:21,touy,261393,szf6301,120
2018-11-08 08:30:21,touy,197485,Carry1987,120
2018-11-08 08:30:21,touy,179421,gdnc1234,120
2018-11-08 08:30:21,touy,289896,孤仙老顽童,120
2018-11-08 08:30:21,touy,577226,123456qqqq,120
2018-11-08 08:30:21,touy,564567,射落月亮,120
2018-11-08 08:30:21,touy,196071,linghuajin123,120
2018-11-08 08:30:21,touy,143192,cdg100101,120
2018-11-08 08:30:21,touy,203341,孤剑随风,120
2018-11-08 08:30:22,touy,25632,悠洋,147
2018-11-08 08:30:22,touy,20910,jery,147
2018-11-08 08:30:22,touy,123,谨明,147
2018-11-08 08:30:23,touy,181186,nina33,123
2018-11-08 08:30:23,touy,162258,熊猫爱吃肉,123
2018-11-08 08:30:23,touy,124277,桅子花开,123
2018-11-08 08:30:23,touy,165084,jmt,123
2018-11-08 08:30:23,touy,166084,conser,123
2018-11-08 08:30:23,touy,95887,云缥缈,123
2018-11-08 08:30:23,touy,38545,jacei,123
2018-11-08 08:30:23,touy,161092,nizhuan,123
2018-11-08 08:30:23,touy,163452,toowwe,123
2018-11-08 08:30:23,touy,19741,my标客--小雨,143
2018-11-08 08:30:23,touy,108464,相识不过一场梦,143
2018-11-08 08:30:23,touy,8764,诚诚,143
2018-11-08 08:30:23,touy,55018,shiyu218,143
2018-11-08 08:30:23,touy,6112,wangdaizhijia,143
2018-11-08 08:30:24,touy,6614,人人聚财平台,149
2018-11-08 08:30:24,touy,6889,融资城小曾,149
2018-11-08 08:30:24,touy,195145,老渔翁渔樵耕读,120
2018-11-08 08:30:24,touy,578228,wangyangai36,120
2018-11-08 08:30:24,touy,138242,九爪,120
2018-11-08 08:30:24,touy,590761,julyyuanfei,120
2018-11-08 08:30:24,touy,244106,mcc52018,120
2018-11-08 08:30:24,touy,296190,goldsix,120
2018-11-08 08:30:24,touy,62682,牛仔熊,120
2018-11-08 08:30:24,touy,271732,lsf06122,120
2018-11-08 08:30:24,touy,207937,yilaiwuxin,120
2018-11-08 08:30:24,touy,186995,饮归客,150
2018-11-08 08:30:25,touy,187030,半遮羞,150
2018-11-08 08:30:25,touy,547920,长使英雄泪满襟,150
2018-11-08 08:30:25,touy,163452,toowwe,150
2018-11-08 08:30:25,touy,147710,P2P网贷系统,150
2018-11-08 08:30:25,touy,8128,2038612715,150
2018-11-08 08:30:25,touy,7243,高飞的心,150
2018-11-08 08:30:25,touy,123,谨明,150
2018-11-08 08:30:26,touy,149885,钟SIR,123
2018-11-08 08:30:26,touy,160410,深速贷·小李,123
2018-11-08 08:30:26,touy,158080,回锅肉,123
2018-11-08 08:30:26,touy,155781,jhy6956,123
2018-11-08 08:30:26,touy,151724,开始懂了啊,123
2018-11-08 08:30:26,touy,124835,gxqiu,123
2018-11-08 08:30:26,touy,51300,奇葩,123
2018-11-08 08:30:26,touy,149605,461734816,123
2018-11-08 08:30:26,touy,11460,thinkfish,123
2018-11-08 08:30:28,touy,113969,青木糖,120
2018-11-08 08:30:28,touy,168393,江湖人称四哥,120
2018-11-08 08:30:28,touy,108514,1010jay1010,120
2018-11-08 08:30:28,touy,582393,xiaoyiying003,120
2018-11-08 08:30:28,touy,576206,arb296314,120
2018-11-08 08:30:28,touy,578843,爱情公寓6,120
2018-11-08 08:30:28,touy,8996,plboy,120
2018-11-08 08:30:28,touy,532966,licj1995,120
2018-11-08 08:30:28,touy,258599,19223337,120
2018-11-08 08:30:30,touy,7766,贷帮网,160
2018-11-08 08:30:30,touy,8993,yzhou,160
2018-11-08 08:30:30,touy,8764,诚诚,160
2018-11-08 08:30:30,touy,1617,google5000,160
2018-11-08 08:30:30,touy,2005,闪电理财,160
2018-11-08 08:30:30,touy,569,frankzou,160
2018-11-08 08:30:30,touy,143566,hw0713,123
2018-11-08 08:30:30,touy,137155,2973157659,123
2018-11-08 08:30:30,touy,139331,大元宝,123
2018-11-08 08:30:30,touy,145046,初生犊牛不怕虎,123
2018-11-08 08:30:30,touy,114755,penny1256,123
2018-11-08 08:30:30,touy,127132,硬汉甲,123
2018-11-08 08:30:30,touy,113,洪金宝,123
2018-11-08 08:30:30,touy,130487,wuxiaoye,123
2018-11-08 08:30:30,touy,139846,小惠呦,123
2018-11-08 08:30:31,touy,123,谨明,161
2018-11-08 08:30:32,touy,316,包谷芯,163
2018-11-08 08:30:32,touy,186567,RMPCCB,120
2018-11-08 08:30:32,touy,558482,Silence_T,120
2018-11-08 08:30:32,touy,589089,wdr001,120
2018-11-08 08:30:32,touy,194114,junehappy,120
2018-11-08 08:30:32,touy,608153,hailong19860709,120
2018-11-08 08:30:32,touy,194509,kilytee,120
2018-11-08 08:30:32,touy,126567,若若偌糅,120
2018-11-08 08:30:32,touy,242407,过家家,120
2018-11-08 08:30:32,touy,235144,我爱网贷爱我,120
2018-11-08 08:30:34,touy,18,论坛管理员,166
2018-11-08 08:30:35,touy,140572,wajxll1990,123
2018-11-08 08:30:35,touy,119271,あ①ギ嗰ぢ韌,123
2018-11-08 08:30:35,touy,140135,悦色百合,123
2018-11-08 08:30:35,touy,131539,思源致远,123
2018-11-08 08:30:35,touy,11228,王小禅,123
2018-11-08 08:30:35,touy,34157,榈弘金,123
2018-11-08 08:30:35,touy,55152,k2364917,123
2018-11-08 08:30:35,touy,137337,梁秘书长,123
2018-11-08 08:30:35,touy,136645,恒安财富-钱多多,123
2018-11-08 08:30:35,touy,9909,-E商都,168
2018-11-08 08:30:35,touy,123,谨明,168
2018-11-08 08:30:36,touy,174093,贷你飞翔,120
2018-11-08 08:30:36,touy,134604,跑部钱进,120
2018-11-08 08:30:36,touy,16307,wang10,120
2018-11-08 08:30:36,touy,10617,惊天,120
2018-11-08 08:30:36,touy,457875,神机妙算,120
2018-11-08 08:30:36,touy,457882,霸道CEO,120
2018-11-08 08:30:36,touy,457889,财神到,120
2018-11-08 08:30:36,touy,56653,桀洛刚帝士,120
2018-11-08 08:30:36,touy,131550,xiejia1109,120
2018-11-08 08:30:39,touy,132934,Dave_Sun,123
2018-11-08 08:30:39,touy,115039,洪宏红,123
2018-11-08 08:30:39,touy,125210,nicoyy,123
2018-11-08 08:30:39,touy,132480,安心兑,123
2018-11-08 08:30:39,touy,131760,疯狂原始人,123
2018-11-08 08:30:39,touy,46283,随便买个先,123
2018-11-08 08:30:39,touy,130001,蹦蹦,123
2018-11-08 08:30:39,touy,54334,feiyufenyu,123
2018-11-08 08:30:39,touy,121787,鉴标女侠,123
2018-11-08 08:30:41,touy,607707,金财人,120
2018-11-08 08:30:41,touy,245963,huangchaoyu,120
2018-11-08 08:30:41,touy,563026,微微微微凉,120
2018-11-08 08:30:41,touy,569121,lqh0910,120
2018-11-08 08:30:41,touy,558405,lanhai2,120
2018-11-08 08:30:41,touy,574387,1214834929,120
2018-11-08 08:30:41,touy,262422,YeMO,120
2018-11-08 08:30:41,touy,152878,fiton,120
2018-11-08 08:30:41,touy,78435,not沉沦,120
2018-11-08 08:30:43,touy,127441,miawu1217,123
2018-11-08 08:30:43,touy,18683,jolly12580,123
2018-11-08 08:30:43,touy,129231,欢畅,123
2018-11-08 08:30:43,touy,128701,元年p2p,123
2018-11-08 08:30:43,touy,8939,wen,123
2018-11-08 08:30:43,touy,114762,白兰茶,123
2018-11-08 08:30:43,touy,101086,zgpjb123,123
2018-11-08 08:30:43,touy,127248,莫美,123
2018-11-08 08:30:43,touy,127212,逸水寒,123
2018-11-08 08:30:44,touy,8764,诚诚,184
2018-11-08 08:30:45,touy,183171,雪满山,120
2018-11-08 08:30:45,touy,571600,我有黑眼圈,120
2018-11-08 08:30:45,touy,240196,无语问苍天,120
2018-11-08 08:30:45,touy,159982,hxc612,120
2018-11-08 08:30:45,touy,295360,投投投投资,120
2018-11-08 08:30:45,touy,578562,cheng.li,120
2018-11-08 08:30:45,touy,571124,ninmei,120
2018-11-08 08:30:45,touy,182921, 李财神,120
2018-11-08 08:30:45,touy,574148,kongfu,120
2018-11-08 08:30:47,touy,115369,潘多拉魔戒,123
2018-11-08 08:30:47,touy,24627,xryj,123
2018-11-08 08:30:47,touy,127054,ren113469,123
2018-11-08 08:30:47,touy,116573,财富宝贝,123
2018-11-08 08:30:47,touy,71389,日盛财富,123
2018-11-08 08:30:47,touy,20141,人为峰,123
2018-11-08 08:30:47,touy,52956,hcsch1,123
2018-11-08 08:30:47,touy,115739,colin92,123
2018-11-08 08:30:47,touy,72920,德众金融,123
2018-11-08 08:30:49,touy,574978,gll9790,120
2018-11-08 08:30:49,touy,547729,15370168393,120
2018-11-08 08:30:49,touy,134714,feichangqm,120
2018-11-08 08:30:49,touy,576565,互金时代,120
2018-11-08 08:30:49,touy,344161,Forbearance7,120
2018-11-08 08:30:49,touy,243316,hongliang209,120
2018-11-08 08:30:49,touy,289972,麦粒金融,120
2018-11-08 08:30:49,touy,574348,她言之城0,120
2018-11-08 08:30:49,touy,144840,亿钱贷,120
2018-11-08 08:30:51,touy,110407,这是陈先生吗,123
2018-11-08 08:30:51,touy,120993,尊荣财富18,123
2018-11-08 08:30:51,touy,122420,愚蒙,123
2018-11-08 08:30:51,touy,119675,fafinette,123
2018-11-08 08:30:51,touy,119315,e速贷黄远里,123
2018-11-08 08:30:51,touy,121158,益合贷客服主管,123
2018-11-08 08:30:51,touy,69917,zywdzj362,123
2018-11-08 08:30:51,touy,119186,ruhuazhan,123
2018-11-08 08:30:51,touy,116772,欧阳大东,123
2018-11-08 08:30:53,touy,245272,tangaihua,120
2018-11-08 08:30:53,touy,568472,有点傻,120
2018-11-08 08:30:53,touy,575163,gengtiantian,120
2018-11-08 08:30:53,touy,236689,1564367019,120
2018-11-08 08:30:53,touy,569858,18576692295,120
2018-11-08 08:30:53,touy,571797,我就是理财大师,120
2018-11-08 08:30:53,touy,127275,清风不散,120
2018-11-08 08:30:53,touy,284911,188153755,120
2018-11-08 08:30:53,touy,58279,千年,120
2018-11-08 08:30:53,touy,8993,yzhou,200
2018-11-08 08:30:53,touy,7073,云飘啊飘,200
2018-11-08 08:30:53,touy,8592,龙的传人,200
2018-11-08 08:30:53,touy,19741,my标客--小雨,200
2018-11-08 08:30:55,touy,117269,虚空先知,123
2018-11-08 08:30:55,touy,116916,P2P投资先驱,123
2018-11-08 08:30:55,touy,112983,爆狂风,123
2018-11-08 08:30:55,touy,104674,qingsong,123
2018-11-08 08:30:55,touy,115820,黑白底片,123
2018-11-08 08:30:55,touy,115179,simple时光,123
2018-11-08 08:30:55,touy,110819,喵-喵,123
2018-11-08 08:30:55,touy,57516,jianghui520,123
2018-11-08 08:30:55,touy,96514,小幺幺,123
2018-11-08 08:30:56,touy,255180,时间尽头,120
2018-11-08 08:30:56,touy,203034,爱吃小小酥丶,120
2018-11-08 08:30:56,touy,295782,hmb5834,120
2018-11-08 08:30:56,touy,572598,天空兰兰,120
2018-11-08 08:30:56,touy,573658,张超雄,120
2018-11-08 08:30:56,touy,562181,18624192412,120
2018-11-08 08:30:56,touy,553226,PP爱赚钱,120
2018-11-08 08:30:56,touy,526502,!1g!b@3ew,120
2018-11-08 08:30:56,touy,525880,本本分分老实人,120
2018-11-08 08:30:59,touy,80588,风前香软,123
2018-11-08 08:30:59,touy,110505,日益网,123
2018-11-08 08:30:59,touy,109371,lianqing,123
2018-11-08 08:30:59,touy,24602,smartpo,123
2018-11-08 08:30:59,touy,108678,广盛宝,123
2018-11-08 08:30:59,touy,107675,大财迷,123
2018-11-08 08:30:59,touy,100420,止于洒脱,123
2018-11-08 08:30:59,touy,26496,残雪消融,123
2018-11-08 08:30:59,touy,58101,友融金融-媛媛,123
2018-11-08 08:31:01,touy,522806,我爱种花家,120
2018-11-08 08:31:01,touy,7207,金牛座飞鸟,120
2018-11-08 08:31:01,touy,409150,haiheng,120
2018-11-08 08:31:01,touy,409311,cnzzx666,120
2018-11-08 08:31:01,touy,344397,要走就别靠近,120
2018-11-08 08:31:01,touy,229613,咎由自取,120
2018-11-08 08:31:01,touy,247947,把酒笔落,120
2018-11-08 08:31:01,touy,287149,bxiswjlst,120
2018-11-08 08:31:01,touy,295340,summer1220,120
2018-11-08 08:31:03,touy,55457,hurtgy,123
2018-11-08 08:31:03,touy,60581,cocytus,123
2018-11-08 08:31:03,touy,101390,lxh,123
2018-11-08 08:31:03,touy,98503,井溪,123
2018-11-08 08:31:03,touy,28012,鼓浪听涛,123
2018-11-08 08:31:03,touy,54339,天下无贼6,123
2018-11-08 08:31:03,touy,43701,HappyFinance,123
2018-11-08 08:31:03,touy,66432,zhongjia_hit,123
2018-11-08 08:31:03,touy,82338,赤兔马,123
2018-11-08 08:31:05,touy,258655,唐人贷tang,120
2018-11-08 08:31:05,touy,291564,zjsxfd10,120
2018-11-08 08:31:05,touy,201566,琳99,120
2018-11-08 08:31:05,touy,275460,xzaxm,120
2018-11-08 08:31:05,touy,294012,daijianzhe001,120
2018-11-08 08:31:05,touy,207815,皖乾商贷,120
2018-11-08 08:31:05,touy,287867,liu157953,120
2018-11-08 08:31:05,touy,291485,zjsxfd2,120
2018-11-08 08:31:05,touy,281223,jinzhuan,120
2018-11-08 08:31:07,touy,82465,micqiqiki,123
2018-11-08 08:31:07,touy,70267,地方金融580,123
2018-11-08 08:31:07,touy,72993,益元贷_金钥匙,123
2018-11-08 08:31:07,touy,78396,遇见离开,123
2018-11-08 08:31:07,touy,23410,小_仔,123
2018-11-08 08:31:07,touy,74686,琪琪cyxuan,123
2018-11-08 08:31:07,touy,73885,苦菜根,123
2018-11-08 08:31:07,touy,40126,无声雪,123
2018-11-08 08:31:07,touy,65779,hanson71,123
2018-11-08 08:31:09,touy,285105,晓米的夏天,120
2018-11-08 08:31:09,touy,290733,lvzhaohui2013,120
2018-11-08 08:31:09,touy,175732,yfsong,120
2018-11-08 08:31:09,touy,150496,大猴,120
2018-11-08 08:31:09,touy,290219,lvcbzyss60,120
2018-11-08 08:31:09,touy,279573,wywlxcj,120
2018-11-08 08:31:09,touy,244044,Azhouzhou,120
2018-11-08 08:31:09,touy,289528,青梅烬,120
2018-11-08 08:31:09,touy,129993,投资领头羊,120
2018-11-08 08:31:12,touy,72804,nxp,123
2018-11-08 08:31:12,touy,56828,好助手,123
2018-11-08 08:31:12,touy,63926,勤德明,123
2018-11-08 08:31:12,touy,64372,笨人,123
2018-11-08 08:31:12,touy,63156,scofield,123
2018-11-08 08:31:12,touy,66703,huangdineiji,123
2018-11-08 08:31:12,touy,61418,嘟嘟嘴,123
2018-11-08 08:31:12,touy,66474,chengyuan,123
2018-11-08 08:31:12,touy,44291,任翱翔,123
2018-11-08 08:31:13,touy,278991,幸福很简单,120
2018-11-08 08:31:13,touy,129519,郭科长,120
2018-11-08 08:31:13,touy,153268,jrzyrs8907,120
2018-11-08 08:31:13,touy,187609,tag,120
2018-11-08 08:31:13,touy,154467,show12800,120
2018-11-08 08:31:13,touy,287926,TT8989,120
2018-11-08 08:31:13,touy,175558,向上金服,120
2018-11-08 08:31:13,touy,149785,坚韧,120
2018-11-08 08:31:13,touy,287330,duo,120
2018-11-08 08:31:15,touy,83193,hecong,237
2018-11-08 08:31:15,touy,12765,陈鱼鱼,237
2018-11-08 08:31:15,touy,8764,诚诚,237
2018-11-08 08:31:15,touy,12177,笑谈网贷春秋,237
2018-11-08 08:31:15,touy,3753,tanbbor,237
2018-11-08 08:31:15,touy,804,killingtime,237
2018-11-08 08:31:15,touy,569,frankzou,237
2018-11-08 08:31:15,touy,61406,随海而看,123
2018-11-08 08:31:15,touy,63750,hlw7102008,123
2018-11-08 08:31:15,touy,48498,jassonw,123
2018-11-08 08:31:15,touy,64822,wxy5491069,123
2018-11-08 08:31:15,touy,60306,雄哥,123
2018-11-08 08:31:15,touy,62638,华鑫,123
2018-11-08 08:31:15,touy,56041,磁铁,123
2018-11-08 08:31:15,touy,47456,米小粒,123
2018-11-08 08:31:15,touy,60762,臭臭,123
2018-11-08 08:31:17,touy,273911,沙子,120
2018-11-08 08:31:17,touy,287429,利得行-小何,120
2018-11-08 08:31:17,touy,150524,静水,120
2018-11-08 08:31:17,touy,287227,阿狸要理财,120
2018-11-08 08:31:17,touy,286863,大M先生,120
2018-11-08 08:31:17,touy,123946,hadeheng,120
2018-11-08 08:31:17,touy,238747,DeneiNHoA,120
2018-11-08 08:31:17,touy,284536,我从不认输,120
2018-11-08 08:31:17,touy,284149,学无止境1,120
2018-11-08 08:31:19,touy,58344,Annie-Zhang,123
2018-11-08 08:31:19,touy,55027,国控小微,123
2018-11-08 08:31:19,touy,12322,magicpope,123
2018-11-08 08:31:19,touy,58000,午夜的南瓜,123
2018-11-08 08:31:19,touy,33113,心猿悟空,123
2018-11-08 08:31:19,touy,23214,网贷观察,123
2018-11-08 08:31:19,touy,48607,友融金融,123
2018-11-08 08:31:19,touy,57197,348447250,123
2018-11-08 08:31:19,touy,2277,qqw123,123
2018-11-08 08:31:21,touy,234903,ssui,120
2018-11-08 08:31:21,touy,131769,熙熙攘攘,120
2018-11-08 08:31:21,touy,246797, 只想做个好人,120
2018-11-08 08:31:21,touy,76973,三葉,120
2018-11-08 08:31:21,touy,134881,花刺,120
2018-11-08 08:31:21,touy,184026,汪司令,120
2018-11-08 08:31:21,touy,184417,仁和融兴,120
2018-11-08 08:31:21,touy,227437,潇湘雨沫,120
2018-11-08 08:31:21,touy,222850,北风northwind,120
2018-11-08 08:31:23,touy,58271,jhkl12,123
2018-11-08 08:31:23,touy,58110,亚伯拉罕·林肯,123
2018-11-08 08:31:23,touy,57664,yede000,123
2018-11-08 08:31:23,touy,57395,ryan的金融,123
2018-11-08 08:31:23,touy,50678,资本论,123
2018-11-08 08:31:23,touy,10955,1999753,123
2018-11-08 08:31:23,touy,29499,Deaty,123
2018-11-08 08:31:23,touy,55313,爱钱帮,123
2018-11-08 08:31:23,touy,13547,神の米克,123
2018-11-08 08:31:25,touy,221889,创利投,120
2018-11-08 08:31:25,touy,278734,hebbe,120
2018-11-08 08:31:25,touy,243365,ayau0110,120
2018-11-08 08:31:25,touy,250535,感性的不可忽略,120
2018-11-08 08:31:25,touy,229322,wdrzc,120
2018-11-08 08:31:25,touy,248587,zhfkid,120
2018-11-08 08:31:25,touy,247297,foy_lc,120
2018-11-08 08:31:25,touy,185255,micron818,120
2018-11-08 08:31:25,touy,111809,飞的小猪,120
2018-11-08 08:31:26,touy,88612,没有如果丶,257
2018-11-08 08:31:26,touy,74686,琪琪cyxuan,257
2018-11-08 08:31:26,touy,34157,榈弘金,257
2018-11-08 08:31:26,touy,18834,幸福从这里开始,257
2018-11-08 08:31:26,touy,9606,孤星泪,257
2018-11-08 08:31:26,touy,14693,ESE灰太狼,257
2018-11-08 08:31:26,touy,7766,贷帮网,257
2018-11-08 08:31:26,touy,3083,wdzjok,257
2018-11-08 08:31:26,touy,6550,小温,257
2018-11-08 08:31:27,touy,54989,zhangchao,123
2018-11-08 08:31:27,touy,50247,szhgpauto,123
2018-11-08 08:31:27,touy,9453,天行健,123
2018-11-08 08:31:27,touy,53216,P2P2,123
2018-11-08 08:31:27,touy,54190,日益创投0,123
2018-11-08 08:31:27,touy,53108,我叫王大可,123
2018-11-08 08:31:27,touy,52900,无名指丿say,123
2018-11-08 08:31:27,touy,46113,flde118,123
2018-11-08 08:31:27,touy,44025,yang06061079,123
2018-11-08 08:31:28,touy,123,谨明,259
2018-11-08 08:31:28,touy,316,包谷芯,259
2018-11-08 08:31:28,touy,257,wjb,259
2018-11-08 08:31:29,touy,204299,无可蜗牛,120
2018-11-08 08:31:29,touy,10535,灵犀一指,120
2018-11-08 08:31:29,touy,173990,luckylake,120
2018-11-08 08:31:29,touy,174869,番茄炒蛋,120
2018-11-08 08:31:29,touy,191755,mmdai001,120
2018-11-08 08:31:29,touy,174271,投德宝,120
2018-11-08 08:31:29,touy,191466,秀秀123,120
2018-11-08 08:31:29,touy,115237,hubert_cao,120
2018-11-08 08:31:29,touy,128881,a513720313,120
2018-11-08 08:31:30,touy,8764,诚诚,257
2018-11-08 08:31:30,touy,9410,fengqixie,257
2018-11-08 08:31:30,touy,7959,不必太含蓄,257
2018-11-08 08:31:30,touy,930,烈日逐风,257
2018-11-08 08:31:30,touy,7477,中国义工,257
2018-11-08 08:31:30,touy,287,曾经,257
2018-11-08 08:31:30,touy,5979,808阿丹,257
2018-11-08 08:31:31,touy,53124,半山腰,123
2018-11-08 08:31:31,touy,24591,maidoudeji,123
2018-11-08 08:31:31,touy,52859,重头再来,123
2018-11-08 08:31:31,touy,51954,流雲,123
2018-11-08 08:31:31,touy,52559,有声投资,123
2018-11-08 08:31:31,touy,36213,liduo,123
2018-11-08 08:31:31,touy,50939,残月,123
2018-11-08 08:31:31,touy,39821,200207062,123
2018-11-08 08:31:31,touy,43688,skyblove,123
2018-11-08 08:31:31,touy,569,frankzou,265
2018-11-08 08:31:32,touy,569,frankzou,267
2018-11-08 08:31:32,touy,130351,zxg1990,120
2018-11-08 08:31:32,touy,130905,bration,120
2018-11-08 08:31:32,touy,129841,6186xuemei,120
2018-11-08 08:31:32,touy,128786,magick,120
2018-11-08 08:31:32,touy,130511,小军,120
2018-11-08 08:31:32,touy,131669,少宇信和财富,120
2018-11-08 08:31:32,touy,131348,Givenchy,120
2018-11-08 08:31:32,touy,131690,ming32145,120
2018-11-08 08:31:32,touy,25438,peral1017,120
2018-11-08 08:31:34,touy,316,包谷芯,257
2018-11-08 08:31:34,touy,68,paul89114,257
2018-11-08 08:31:34,touy,1814,lironghui200708,257
2018-11-08 08:31:34,touy,1081,百事128,257
2018-11-08 08:31:34,touy,944,ydlyg,257
2018-11-08 08:31:34,touy,259,dzychn,257
2018-11-08 08:31:34,touy,1612,sonnp,257
2018-11-08 08:31:34,touy,722,网贷之家石头,257
2018-11-08 08:31:35,touy,49961,daliua,123
2018-11-08 08:31:35,touy,49172,冯丽宁,123
2018-11-08 08:31:35,touy,49193,筱样儿,123
2018-11-08 08:31:35,touy,43712,Wdxf,123
2018-11-08 08:31:35,touy,30444,青山老祖,123
2018-11-08 08:31:35,touy,43576,泡网,123
2018-11-08 08:31:35,touy,38777,gztancx,123
2018-11-08 08:31:35,touy,46557,学法学的农民工,123
2018-11-08 08:31:35,touy,43112,好车贷,123
2018-11-08 08:31:35,touy,547920,长使英雄泪满襟,272
2018-11-08 08:31:35,touy,290407,陌上离,272
2018-11-08 08:31:35,touy,224439,离别的小帆船,272
2018-11-08 08:31:35,touy,290404,小妮子呢,272
2018-11-08 08:31:35,touy,12296,max,272
2018-11-08 08:31:35,touy,7766,贷帮网,272
2018-11-08 08:31:35,touy,17687,骊歌,272
2018-11-08 08:31:35,touy,18079,xinghai,272
2018-11-08 08:31:35,touy,37402,zhousheng502,272
2018-11-08 08:31:36,touy,129849,sghn,120
2018-11-08 08:31:36,touy,132241,雨鑫,120
2018-11-08 08:31:36,touy,118544,jamesztr,120
2018-11-08 08:31:36,touy,55663,ddw2014,120
2018-11-08 08:31:36,touy,131760,疯狂原始人,120
2018-11-08 08:31:36,touy,110242,中正和,120
2018-11-08 08:31:36,touy,110348,abblili,120
2018-11-08 08:31:36,touy,112354,1950066132,120
2018-11-08 08:31:36,touy,63094,屹仕仁,120
2018-11-08 08:31:36,touy,34157,榈弘金,274
2018-11-08 08:31:36,touy,29423,龙哥,274
2018-11-08 08:31:36,touy,33647,范姣,274
2018-11-08 08:31:36,touy,13547,神の米克,274
2018-11-08 08:31:36,touy,9382,叶隐闻书,274
2018-11-08 08:31:36,touy,15046,330802,274
2018-11-08 08:31:36,touy,16397,jiajiaxin,274
2018-11-08 08:31:36,touy,8993,yzhou,274
2018-11-08 08:31:36,touy,9153,弦荡千古,274
2018-11-08 08:31:37,touy,1079,tojeky,257
2018-11-08 08:31:37,touy,673,追风亮,257
2018-11-08 08:31:37,touy,123,谨明,257
2018-11-08 08:31:37,touy,18,论坛管理员,257
2018-11-08 08:31:39,touy,44307,renjirong123,123
2018-11-08 08:31:39,touy,45445,刨根问底,123
2018-11-08 08:31:39,touy,11389,chordy,123
2018-11-08 08:31:39,touy,45771,奔波的小猪,123
2018-11-08 08:31:39,touy,41984,loen,123
2018-11-08 08:31:39,touy,43193,成长ING,123
2018-11-08 08:31:39,touy,42663,魔王也缺钱,123
2018-11-08 08:31:39,touy,32319,airtian,123
2018-11-08 08:31:39,touy,9269,liuxxwan,123
2018-11-08 08:31:39,touy,35196,有喜财富,272
2018-11-08 08:31:39,touy,38522,冷、静,272
2018-11-08 08:31:39,touy,34157,榈弘金,272
2018-11-08 08:31:39,touy,76214,funny,272
2018-11-08 08:31:39,touy,106447,15116052822,272
2018-11-08 08:31:39,touy,72464,xiaobaibai,272
2018-11-08 08:31:39,touy,125475,爱妮狸,272
2018-11-08 08:31:39,touy,74686,琪琪cyxuan,272
2018-11-08 08:31:39,touy,8993,yzhou,272
2018-11-08 08:31:40,touy,107282,ztgyjj,278
2018-11-08 08:31:40,touy,14749,东方诸葛,120
2018-11-08 08:31:40,touy,106114,钱江理财,120
2018-11-08 08:31:40,touy,60585,猎标师奶,120
2018-11-08 08:31:40,touy,73574,天道酬勤2014,120
2018-11-08 08:31:40,touy,76958,大森林之浩瀚,120
2018-11-08 08:31:40,touy,14255,青未了,120
2018-11-08 08:31:40,touy,72473,好乐易贷,120
2018-11-08 08:31:40,touy,49193,筱样儿,120
2018-11-08 08:31:40,touy,10562,刚子,120
2018-11-08 08:31:41,touy,13602,打酱油的星星,274
2018-11-08 08:31:41,touy,8764,诚诚,274
2018-11-08 08:31:41,touy,123,谨明,274
2018-11-08 08:31:41,touy,1081,百事128,274
2018-11-08 08:31:41,touy,673,追风亮,274
2018-11-08 08:31:41,touy,9950,huxk88,274
2018-11-08 08:31:43,touy,43775,真三国假西游,123
2018-11-08 08:31:43,touy,17261,逍遥小妖,123
2018-11-08 08:31:43,touy,43451,P2P创新者,123
2018-11-08 08:31:43,touy,28070,jjiabinb,123
2018-11-08 08:31:43,touy,42800,630928987,123
2018-11-08 08:31:43,touy,40811,k2o3,123
2018-11-08 08:31:43,touy,42344,wangzh2046,123
2018-11-08 08:31:43,touy,13742,我是一只网贷小小鸟,123
2018-11-08 08:31:43,touy,24004,永远有多远,123
2018-11-08 08:31:44,touy,8514,花落,272
2018-11-08 08:31:44,touy,3311,liu102915,272
2018-11-08 08:31:46,touy,110703,果汁峰会,287
2018-11-08 08:31:46,touy,193788,zhaotu,287
2018-11-08 08:31:46,touy,187030,半遮羞,287
2018-11-08 08:31:46,touy,181186,nina33,287
2018-11-08 08:31:46,touy,176911,金钱贷,287
2018-11-08 08:31:46,touy,172521,美联通达金融,287
2018-11-08 08:31:46,touy,178850,蛮三刀,287
2018-11-08 08:31:46,touy,179264,理财神通,287
2018-11-08 08:31:46,touy,149605,461734816,287
2018-11-08 08:31:47,touy,40869,小天ziyouzhiyi,123
2018-11-08 08:31:47,touy,41166,理财精灵,123
2018-11-08 08:31:47,touy,41110,云投网,123
2018-11-08 08:31:47,touy,40812,shaojrui521,123
2018-11-08 08:31:47,touy,39217,aicai888,123
2018-11-08 08:31:47,touy,40867,海阔天空p2p,123
2018-11-08 08:31:47,touy,30115,challeng3,123
2018-11-08 08:31:47,touy,37258,dashu210,123
2018-11-08 08:31:47,touy,39223,小淇2496695592,123
2018-11-08 08:31:49,touy,8764,诚诚,291
2018-11-08 08:31:49,touy,4155,wenwen2012,291
2018-11-08 08:31:50,touy,8764,诚诚,293
2018-11-08 08:31:51,touy,147710,P2P网贷系统,287
2018-11-08 08:31:51,touy,147066,未来合作,287
2018-11-08 08:31:51,touy,146984,桃子00,287
2018-11-08 08:31:51,touy,137155,2973157659,287
2018-11-08 08:31:51,touy,143839,NiuAxYGqB,287
2018-11-08 08:31:51,touy,136312,fangming,287
2018-11-08 08:31:51,touy,141267,当天贷、,287
2018-11-08 08:31:51,touy,137337,梁秘书长,287
2018-11-08 08:31:51,touy,136160,待我半生戎马一,287
2018-11-08 08:31:52,touy,32103,internetloan,123
2018-11-08 08:31:52,touy,37998,ghhwhy,123
2018-11-08 08:31:52,touy,37850,：豆漿油條。,123
2018-11-08 08:31:52,touy,24878,Fly,123
2018-11-08 08:31:52,touy,15802,dowinjesse,123
2018-11-08 08:31:52,touy,14255,青未了,123
2018-11-08 08:31:52,touy,32912,生命的注释,123
2018-11-08 08:31:52,touy,30403,wangbeibei0513,123
2018-11-08 08:31:52,touy,16491,小微贷,123
2018-11-08 08:31:53,touy,56813,chang,296
2018-11-08 08:31:55,touy,135106,shiwan3336,287
2018-11-08 08:31:55,touy,125844,aiqing99,287
2018-11-08 08:31:55,touy,133308,笑笑小,287
2018-11-08 08:31:55,touy,36947,blitone,287
2018-11-08 08:31:55,touy,22912,python,287
2018-11-08 08:31:55,touy,125372,cuiguolu,287
2018-11-08 08:31:55,touy,131669,少宇信和财富,287
2018-11-08 08:31:55,touy,101732,chly2010,287
2018-11-08 08:31:55,touy,120993,尊荣财富18,287
2018-11-08 08:31:56,touy,30381,gy123456600,123
2018-11-08 08:31:56,touy,24620,有种,123
2018-11-08 08:31:56,touy,22262,xiange,123
2018-11-08 08:31:56,touy,32844,meiuio,123
2018-11-08 08:31:56,touy,21447,草莓项链,123
2018-11-08 08:31:56,touy,4302,machaokuku,123
2018-11-08 08:31:56,touy,10277,tanghaitian,123
2018-11-08 08:31:56,touy,34817,★左手拿烟★,123
2018-11-08 08:31:58,touy,147710,P2P网贷系统,305
2018-11-08 08:32:00,touy,129731,韦玮,287
2018-11-08 08:32:00,touy,128031,xiaoname,287
2018-11-08 08:32:00,touy,101086,zgpjb123,287
2018-11-08 08:32:00,touy,82171,daidai-1,287
2018-11-08 08:32:00,touy,125039,亨多财富,287
2018-11-08 08:32:00,touy,124678,dm680941,287
2018-11-08 08:32:00,touy,120385,sd1005777,287
2018-11-08 08:32:00,touy,113318,【蜀易贷】金琥a,287
2018-11-08 08:32:00,touy,69917,zywdzj362,287
2018-11-08 08:32:00,touy,34601,dedehehe123,123
2018-11-08 08:32:00,touy,34446,李岱通,123
2018-11-08 08:32:00,touy,14471,jsblxj,123
2018-11-08 08:32:00,touy,6528,xumingwei,123
2018-11-08 08:32:00,touy,31292,我是黔老虎,123
2018-11-08 08:32:00,touy,29966,风儿飘香,123
2018-11-08 08:32:00,touy,26691,两扇门,123
2018-11-08 08:32:00,touy,27513,遥远的梦,123
2018-11-08 08:32:00,touy,29075,cupid9321,123
2018-11-08 08:32:03,touy,122539,junjundsl,315
2018-11-08 08:32:03,touy,120385,sd1005777,315
2018-11-08 08:32:03,touy,76214,funny,315
2018-11-08 08:32:03,touy,25632,悠洋,315
2018-11-08 08:32:03,touy,6198,smilebaby,315
2018-11-08 08:32:04,touy,93849,hlyx,287
2018-11-08 08:32:04,touy,116916,P2P投资先驱,287
2018-11-08 08:32:04,touy,116772,欧阳大东,287
2018-11-08 08:32:04,touy,114392,wswangxiaojing,287
2018-11-08 08:32:04,touy,66327,jackise,287
2018-11-08 08:32:04,touy,72932,德众金融-小敏,287
2018-11-08 08:32:04,touy,107675,大财迷,287
2018-11-08 08:32:04,touy,98503,井溪,287
2018-11-08 08:32:04,touy,23473,严惩网贷流氓,287
2018-11-08 08:32:04,touy,33647,范姣,123
2018-11-08 08:32:04,touy,161,Nelson_XU,123
2018-11-08 08:32:04,touy,14722,mervyn,123
2018-11-08 08:32:04,touy,30891,-姿态,123
2018-11-08 08:32:04,touy,10481,佟哥,123
2018-11-08 08:32:04,touy,31948,丹华,123
2018-11-08 08:32:04,touy,31689,zsb200037,123
2018-11-08 08:32:04,touy,27703,宁缺勿滥__。,123
2018-11-08 08:32:04,touy,30122,天骐,123
2018-11-08 08:32:05,touy,147710,P2P网贷系统,316
2018-11-08 08:32:05,touy,147956,成都的下雨天,316
2018-11-08 08:32:05,touy,142580,KathyYanran,316
2018-11-08 08:32:05,touy,159696,银达实业,316
2018-11-08 08:32:05,touy,163452,toowwe,316
2018-11-08 08:32:05,touy,54410,日益创投00,316
2018-11-08 08:32:05,touy,56815,霸气范,316
2018-11-08 08:32:05,touy,65171,风之翼,316
2018-11-08 08:32:05,touy,107675,大财迷,316
2018-11-08 08:32:08,touy,92508,金融玩家,287
2018-11-08 08:32:08,touy,83710,lphuzhilong,287
2018-11-08 08:32:08,touy,72092,黔贷网,287
2018-11-08 08:32:08,touy,73621,梓子,287
2018-11-08 08:32:08,touy,74686,琪琪cyxuan,287
2018-11-08 08:32:08,touy,56813,chang,287
2018-11-08 08:32:08,touy,38610,策诚理财顾问,287
2018-11-08 08:32:08,touy,29135,sj112300,287
2018-11-08 08:32:08,touy,53559,changli,287
2018-11-08 08:32:09,touy,27196,czp2209,123
2018-11-08 08:32:09,touy,29539,食利者之星,123
2018-11-08 08:32:09,touy,24608,学士后,123
2018-11-08 08:32:09,touy,19439,sontaa,123
2018-11-08 08:32:09,touy,30644,只为网贷,123
2018-11-08 08:32:09,touy,26578,木森林之火,123
2018-11-08 08:32:09,touy,29331,qq1033,123
2018-11-08 08:32:09,touy,8086,蜂鸟,123
2018-11-08 08:32:09,touy,11275,sumblue,123
2018-11-08 08:32:09,touy,109906,防不胜防,316
2018-11-08 08:32:09,touy,112983,爆狂风,316
2018-11-08 08:32:09,touy,14244,论坛管理员1,316
2018-11-08 08:32:09,touy,20259,老陆财主,316
2018-11-08 08:32:09,touy,12980,beth,316
2018-11-08 08:32:09,touy,8128,2038612715,316
2018-11-08 08:32:09,touy,18418,想飞的鱼,316
2018-11-08 08:32:09,touy,7766,贷帮网,316
2018-11-08 08:32:10,touy,35196,有喜财富,325
2018-11-08 08:32:10,touy,8764,诚诚,325
2018-11-08 08:32:12,touy,50390,河马鳄,287
2018-11-08 08:32:12,touy,57664,yede000,287
2018-11-08 08:32:12,touy,52484,兴创茗茶,287
2018-11-08 08:32:12,touy,29499,Deaty,287
2018-11-08 08:32:12,touy,55237,供场,287
2018-11-08 08:32:12,touy,53901,t657483920,287
2018-11-08 08:32:12,touy,53216,P2P2,287
2018-11-08 08:32:12,touy,52900,无名指丿say,287
2018-11-08 08:32:12,touy,52559,有声投资,287
2018-11-08 08:32:13,touy,29135,sj112300,123
2018-11-08 08:32:13,touy,18915,xiaofengwd,123
2018-11-08 08:32:13,touy,16884,yy654321,123
2018-11-08 08:32:13,touy,27216,刀哥,123
2018-11-08 08:32:13,touy,7005,阿里多多,123
2018-11-08 08:32:13,touy,29364,肖亚正太,123
2018-11-08 08:32:13,touy,28471,Levis,123
2018-11-08 08:32:13,touy,25443,心泉的声音,123
2018-11-08 08:32:13,touy,25701,联信客服-小欣,123
2018-11-08 08:32:13,touy,13809,爱富爸爸,316
2018-11-08 08:32:13,touy,8764,诚诚,316
2018-11-08 08:32:13,touy,7469,青青子衿,316
2018-11-08 08:32:13,touy,10400,一方,316
2018-11-08 08:32:13,touy,1693,木林森,316
2018-11-08 08:32:13,touy,7674,伊娃,316
2018-11-08 08:32:13,touy,961,dragon龙,316
2018-11-08 08:32:16,touy,52359,gswu56,287
2018-11-08 08:32:16,touy,35281,BerniceSun,287
2018-11-08 08:32:16,touy,34157,榈弘金,287
2018-11-08 08:32:16,touy,10492,索瑞森电脑,287
2018-11-08 08:32:16,touy,49961,daliua,287
2018-11-08 08:32:16,touy,49366,小鼻子小眼睛,287
2018-11-08 08:32:16,touy,49030,大成肖飒律师,287
2018-11-08 08:32:16,touy,4540,lmy0664,287
2018-11-08 08:32:16,touy,33907,披免皮,287
2018-11-08 08:32:17,touy,7607,洛水,123
2018-11-08 08:32:17,touy,28815,zrw133,123
2018-11-08 08:32:17,touy,25846,yxj,123
2018-11-08 08:32:17,touy,3720,前进ing,123
2018-11-08 08:32:17,touy,28395,格安,123
2018-11-08 08:32:17,touy,27227,moneygomyhome,123
2018-11-08 08:32:17,touy,21800,xjxu88,123
2018-11-08 08:32:17,touy,9581,碧水凉夏君,123
2018-11-08 08:32:17,touy,18300,走走走走走,123
2018-11-08 08:32:17,touy,413,king,316
2018-11-08 08:32:17,touy,1691,ggg110,316
2018-11-08 08:32:17,touy,673,追风亮,316
2018-11-08 08:32:17,touy,3360,飞比,316
2018-11-08 08:32:17,touy,6453,星辰心愿,316
2018-11-08 08:32:17,touy,5398,2370547191,316
2018-11-08 08:32:17,touy,1177,wanggao,316
2018-11-08 08:32:17,touy,958,ebu,316
2018-11-08 08:32:17,touy,4730,通融小婷,316
2018-11-08 08:32:20,touy,131760,疯狂原始人,339
2018-11-08 08:32:20,touy,25632,悠洋,339
2018-11-08 08:32:20,touy,17504,ocbaker,339
2018-11-08 08:32:20,touy,8764,诚诚,339
2018-11-08 08:32:21,touy,43255,上咸小叶,287
2018-11-08 08:32:21,touy,41409,18193143943,287
2018-11-08 08:32:21,touy,48206,沧浪之水,287
2018-11-08 08:32:21,touy,43193,成长ING,287
2018-11-08 08:32:21,touy,21784,D調的華麗,287
2018-11-08 08:32:21,touy,41984,loen,287
2018-11-08 08:32:21,touy,43878,王城,287
2018-11-08 08:32:21,touy,43775,真三国假西游,287
2018-11-08 08:32:21,touy,43451,P2P创新者,287
2018-11-08 08:32:21,touy,19410,bigocean,123
2018-11-08 08:32:21,touy,573,seen,123
2018-11-08 08:32:21,touy,21257,shaotian6475,123
2018-11-08 08:32:21,touy,27564,dfctpianzi,123
2018-11-08 08:32:21,touy,26526,水水的人,123
2018-11-08 08:32:21,touy,17235,carlyu,123
2018-11-08 08:32:21,touy,27428,金豪利,123
2018-11-08 08:32:21,touy,26930,老衲,123
2018-11-08 08:32:22,touy,68,paul89114,316
2018-11-08 08:32:22,touy,2005,闪电理财,316
2018-11-08 08:32:22,touy,1706,会飞的牛,316
2018-11-08 08:32:22,touy,3151,环迅支付sky,316
2018-11-08 08:32:22,touy,1133,xsmyt,316
2018-11-08 08:32:22,touy,2244,519154383,316
2018-11-08 08:32:22,touy,163,lzf1963,316
2018-11-08 08:32:22,touy,3945,YB1127,316
2018-11-08 08:32:22,touy,1079,tojeky,316
2018-11-08 08:32:24,touy,18144,myskygoogle,345
2018-11-08 08:32:24,touy,19373,jacky909,345
2018-11-08 08:32:24,touy,10686,gezhifei,345
2018-11-08 08:32:24,touy,8764,诚诚,345
2018-11-08 08:32:24,touy,9382,叶隐闻书,345
2018-11-08 08:32:24,touy,961,dragon龙,345
2018-11-08 08:32:24,touy,316,包谷芯,345
2018-11-08 08:32:25,touy,40617,と守望幸福つ,287
2018-11-08 08:32:25,touy,31342,非洲土著,287
2018-11-08 08:32:25,touy,32936,巫山烤鱼,287
2018-11-08 08:32:25,touy,37358,xqidian001,287
2018-11-08 08:32:25,touy,39223,小淇2496695592,287
2018-11-08 08:32:25,touy,39797,融贷通赢-弓轩,287
2018-11-08 08:32:25,touy,30062,维沃财富,287
2018-11-08 08:32:25,touy,26221,ptczj,287
2018-11-08 08:32:25,touy,38632,wkkwd,287
2018-11-08 08:32:26,touy,22286,乳酸钙,123
2018-11-08 08:32:26,touy,22086,推广/发稿/SEO/B,123
2018-11-08 08:32:26,touy,22831,cooljusic,123
2018-11-08 08:32:26,touy,26596,呆呆神/大兵,123
2018-11-08 08:32:26,touy,12994,101dian6,123
2018-11-08 08:32:26,touy,25632,悠洋,123
2018-11-08 08:32:26,touy,25091,贱无双,123
2018-11-08 08:32:26,touy,24962,贺欣,123
2018-11-08 08:32:26,touy,345,不想给庄卖命,316
2018-11-08 08:32:26,touy,363,123,316
2018-11-08 08:32:26,touy,394,zjyhu,316
2018-11-08 08:32:26,touy,113,洪金宝,316
2018-11-08 08:32:26,touy,4407,老字号,316
2018-11-08 08:32:26,touy,259,dzychn,316
2018-11-08 08:32:26,touy,42,3155531,316
2018-11-08 08:32:26,touy,4409,靓si,316
2018-11-08 08:32:26,touy,4454,通融小琳,316
2018-11-08 08:32:28,touy,18683,jolly12580,350
2018-11-08 08:32:28,touy,34157,榈弘金,350
2018-11-08 08:32:28,touy,8764,诚诚,350
2018-11-08 08:32:30,touy,34446,李岱通,287
2018-11-08 08:32:30,touy,1564,feirwang,287
2018-11-08 08:32:30,touy,4747,FYJ001,287
2018-11-08 08:32:30,touy,15780,0815wa577,287
2018-11-08 08:32:30,touy,16491,小微贷,287
2018-11-08 08:32:30,touy,20456,jovan,287
2018-11-08 08:32:30,touy,32912,生命的注释,287
2018-11-08 08:32:30,touy,22086,推广/发稿/SEO/B,287
2018-11-08 08:32:30,touy,31784,ahbz,287
2018-11-08 08:32:30,touy,23749,hooyid,123
2018-11-08 08:32:30,touy,24320,青春期,123
2018-11-08 08:32:30,touy,24340,niko2013,123
2018-11-08 08:32:30,touy,17282,yuben,123
2018-11-08 08:32:30,touy,21334,年华,123
2018-11-08 08:32:30,touy,22704,ZHLCX,123
2018-11-08 08:32:30,touy,21431,一片秋叶,123
2018-11-08 08:32:30,touy,22510,李寻欢,123
2018-11-08 08:32:30,touy,460,ruilex,316
2018-11-08 08:32:30,touy,2865,lykh,316
2018-11-08 08:32:30,touy,4053,wawdzj,316
2018-11-08 08:32:30,touy,56,老A,316
2018-11-08 08:32:30,touy,2068,wwwwww,316
2018-11-08 08:32:30,touy,3726,霸天虎,316
2018-11-08 08:32:30,touy,4236,星寒,316
2018-11-08 08:32:30,touy,4347,消逝的时光,316
2018-11-08 08:32:30,touy,3348,pxhaitao,316
2018-11-08 08:32:32,touy,138602,恒安财富钱多多1,357
2018-11-08 08:32:32,touy,139768,金钱桔子,357
2018-11-08 08:32:32,touy,147710,P2P网贷系统,357
2018-11-08 08:32:32,touy,147956,成都的下雨天,357
2018-11-08 08:32:33,touy,10562,刚子,287
2018-11-08 08:32:33,touy,32844,meiuio,287
2018-11-08 08:32:33,touy,10277,tanghaitian,287
2018-11-08 08:32:33,touy,7218,黑色鉆云燕,287
2018-11-08 08:32:33,touy,7235,feiya0823,287
2018-11-08 08:32:33,touy,14471,jsblxj,287
2018-11-08 08:32:33,touy,12896,骑着毛驴来投资,287
2018-11-08 08:32:33,touy,3388,sadmov,287
2018-11-08 08:32:33,touy,1688,爱情幻境,287
2018-11-08 08:32:34,touy,22829,我叫肉肉,123
2018-11-08 08:32:34,touy,17716,夜微凉,123
2018-11-08 08:32:34,touy,17497,wanwan123,123
2018-11-08 08:32:34,touy,17405,小蛮,123
2018-11-08 08:32:34,touy,20096,wangfeng,123
2018-11-08 08:32:34,touy,20700,wsdg,123
2018-11-08 08:32:34,touy,18562,youngkqs,123
2018-11-08 08:32:34,touy,21524,sxhtlm,123
2018-11-08 08:32:34,touy,3602,SR^小波,316
2018-11-08 08:32:34,touy,416,网贷精灵经纪,316
2018-11-08 08:32:34,touy,466,木白,316
2018-11-08 08:32:34,touy,1039,wilson29,316
2018-11-08 08:32:34,touy,136,hmh601,316
2018-11-08 08:32:34,touy,418,单子叶双子叶,316
2018-11-08 08:32:34,touy,1092,机器猫,316
2018-11-08 08:32:34,touy,2483,众贷邦借贷理财,316
2018-11-08 08:32:34,touy,1511,神_我想见你,316
2018-11-08 08:32:36,touy,316,包谷芯,363
2018-11-08 08:32:37,touy,19470,恐龙爸爸,287
2018-11-08 08:32:37,touy,11275,sumblue,287
2018-11-08 08:32:37,touy,13121,惠众网,287
2018-11-08 08:32:37,touy,31983,创辉,287
2018-11-08 08:32:37,touy,27134,starjiale,287
2018-11-08 08:32:37,touy,17231,锐界锐界,287
2018-11-08 08:32:37,touy,26502,搭乘末班车,287
2018-11-08 08:32:37,touy,10481,佟哥,287
2018-11-08 08:32:38,touy,10330,tyg,123
2018-11-08 08:32:38,touy,15436,富贵竹,123
2018-11-08 08:32:38,touy,22067,POSE31,123
2018-11-08 08:32:38,touy,20144,银实贷石头,123
2018-11-08 08:32:38,touy,4982,黄金,123
2018-11-08 08:32:38,touy,20063,零点,123
2018-11-08 08:32:38,touy,10101,wangdai8,123
2018-11-08 08:32:38,touy,2815,卡卡卡,123
2018-11-08 08:32:39,touy,944,ydlyg,316
2018-11-08 08:32:39,touy,569,frankzou,316
2018-11-08 08:32:39,touy,1117,zyj1628,316
2018-11-08 08:32:39,touy,1120,sun147896325,316
2018-11-08 08:32:39,touy,4155,wenwen2012,316
2018-11-08 08:32:39,touy,2907,那一年这一天,316
2018-11-08 08:32:39,touy,2025,贷帮投资,316
2018-11-08 08:32:39,touy,804,killingtime,316
2018-11-08 08:32:41,touy,9317,dengxiwu,287
2018-11-08 08:32:41,touy,15693,网银在线-刘恋,287
2018-11-08 08:32:41,touy,12142,爱吃肉的流氓兔,287
2018-11-08 08:32:41,touy,19439,sontaa,287
2018-11-08 08:32:41,touy,29983,invest,287
2018-11-08 08:32:41,touy,18944,aodarkprince,287
2018-11-08 08:32:41,touy,27513,遥远的梦,287
2018-11-08 08:32:41,touy,7651,江上明月,287
2018-11-08 08:32:42,touy,20651,明日,123
2018-11-08 08:32:42,touy,10771,七夏,123
2018-11-08 08:32:42,touy,16767,钱来钱往,123
2018-11-08 08:32:42,touy,20383,唯利谈何品,123
2018-11-08 08:32:42,touy,19850,我本善良,123
2018-11-08 08:32:42,touy,20004,jingxinzi,123
2018-11-08 08:32:42,touy,19881,cloud,123
2018-11-08 08:32:42,touy,16134,Abraham_Lincoln,123
2018-11-08 08:32:42,touy,2211,ヤ鈊瀡硪变ヤ,316
2018-11-08 08:32:42,touy,69,edai365,316
2018-11-08 08:32:42,touy,1081,百事128,316
2018-11-08 08:32:42,touy,1842,笨鸟认真飞,316
2018-11-08 08:32:42,touy,3311,liu102915,316
2018-11-08 08:32:42,touy,1617,google5000,316
2018-11-08 08:32:42,touy,2271,ganewile,316
2018-11-08 08:32:42,touy,626,wyx000517,316
2018-11-08 08:32:42,touy,257,wjb,316
2018-11-08 08:32:43,touy,80010,广西北部湾客服,371
2018-11-08 08:32:43,touy,72920,德众金融,371
2018-11-08 08:32:44,touy,147710,P2P网贷系统,374
2018-11-08 08:32:45,touy,120385,sd1005777,376
2018-11-08 08:32:45,touy,56813,chang,376
2018-11-08 08:32:45,touy,18079,xinghai,376
2018-11-08 08:32:45,touy,21829,日益创投,376
2018-11-08 08:32:45,touy,28916,jiangwenhua,287
2018-11-08 08:32:45,touy,27703,宁缺勿滥__。,287
2018-11-08 08:32:45,touy,27699,smart514,287
2018-11-08 08:32:45,touy,28654,ebxuliming,287
2018-11-08 08:32:45,touy,12409,虫草,287
2018-11-08 08:32:45,touy,26930,老衲,287
2018-11-08 08:32:45,touy,6705,股野苍狼,287
2018-11-08 08:32:45,touy,8730,syt,287
2018-11-08 08:32:45,touy,11663,空手能套狼,287
2018-11-08 08:32:46,touy,14873,万家兄弟,123
2018-11-08 08:32:46,touy,19043,lzsp159357,123
2018-11-08 08:32:46,touy,5323,drill214,123
2018-11-08 08:32:46,touy,15693,网银在线-刘恋,123
2018-11-08 08:32:46,touy,13876,chingjy888,123
2018-11-08 08:32:46,touy,17772,不知何人,123
2018-11-08 08:32:46,touy,14317,信融财富-Dora,123
2018-11-08 08:32:46,touy,17133,hejun0307,123
2018-11-08 08:32:46,touy,580,kathey,316
2018-11-08 08:32:46,touy,287,曾经,316
2018-11-08 08:32:46,touy,721,网贷之家麦田,316
2018-11-08 08:32:46,touy,112,omygod,316
2018-11-08 08:32:46,touy,1280,杨铁心勤劳的姑爹,316
2018-11-08 08:32:46,touy,18,论坛管理员,316
2018-11-08 08:32:46,touy,722,网贷之家石头,316
2018-11-08 08:32:46,touy,638,sheng,316
2018-11-08 08:32:46,touy,123,谨明,316
2018-11-08 08:32:50,touy,21970,通融林夕,287
2018-11-08 08:32:50,touy,25632,悠洋,287
2018-11-08 08:32:50,touy,17816,双乾支付,287
2018-11-08 08:32:50,touy,18658,随风飘逝,287
2018-11-08 08:32:50,touy,24962,贺欣,287
2018-11-08 08:32:50,touy,17282,yuben,287
2018-11-08 08:32:50,touy,24340,niko2013,287
2018-11-08 08:32:50,touy,15837,苏打饼,123
2018-11-08 08:32:50,touy,17663,金e贷——约标客,123
2018-11-08 08:32:50,touy,13852,魏志伟,123
2018-11-08 08:32:50,touy,14365,hellohuj,123
2018-11-08 08:32:50,touy,12677,房一哥,123
2018-11-08 08:32:50,touy,6970,Anthony,123
2018-11-08 08:32:50,touy,14026,longjxchina,123
2018-11-08 08:32:50,touy,16038,雪山贷-尕朵觉悟,123
2018-11-08 08:32:52,touy,233915,dgxm5765494,385
2018-11-08 08:32:53,touy,7766,贷帮网,388
2018-11-08 08:32:53,touy,8764,诚诚,388
2018-11-08 08:32:54,touy,17283,顺气自燃,287
2018-11-08 08:32:54,touy,21233,vivianzhang,287
2018-11-08 08:32:54,touy,15170,天空蔚蓝,287
2018-11-08 08:32:54,touy,19415,zhaoyimin,287
2018-11-08 08:32:54,touy,11609,天涯网贷人,287
2018-11-08 08:32:54,touy,10789,啊三,287
2018-11-08 08:32:54,touy,18978,如月,287
2018-11-08 08:32:55,touy,14489,妖孽李,123
2018-11-08 08:32:55,touy,11830,欧.V.Romeo,123
2018-11-08 08:32:55,touy,7113,blackflower,123
2018-11-08 08:32:55,touy,9606,孤星泪,123
2018-11-08 08:32:55,touy,14693,ESE灰太狼,123
2018-11-08 08:32:55,touy,1478,xslxp,123
2018-11-08 08:32:55,touy,8413,盗版,123
2018-11-08 08:32:55,touy,11793,brain,123
2018-11-08 08:32:55,touy,15851,Volumeload,123
2018-11-08 08:32:57,touy,55629,路不平,394
2018-11-08 08:32:57,touy,56948,狄仁杰,394
2018-11-08 08:32:57,touy,106604,可口橙,394
2018-11-08 08:32:57,touy,147710,P2P网贷系统,394
2018-11-08 08:32:57,touy,163452,toowwe,394
2018-11-08 08:32:57,touy,35196,有喜财富,394
2018-11-08 08:32:57,touy,21818,cici,394
2018-11-08 08:32:57,touy,8128,2038612715,394
2018-11-08 08:32:57,touy,7766,贷帮网,394
2018-11-08 08:32:58,touy,17477,ddtting,287
2018-11-08 08:32:58,touy,14188,ranny,287
2018-11-08 08:32:58,touy,19373,jacky909,287
2018-11-08 08:32:58,touy,23549,wodnian,287
2018-11-08 08:32:58,touy,22463,dd20130819,287
2018-11-08 08:32:58,touy,22510,李寻欢,287
2018-11-08 08:32:58,touy,22818,漂移,287
2018-11-08 08:32:58,touy,22829,我叫肉肉,287
2018-11-08 08:32:58,touy,20100,蜜汁,287
2018-11-08 08:32:59,touy,11605,苏格兰风笛,123
2018-11-08 08:32:59,touy,13102,网贷0007,123
2018-11-08 08:32:59,touy,12641,shnick,123
2018-11-08 08:32:59,touy,8705,宝贝,123
2018-11-08 08:32:59,touy,15389,hexin123456,123
2018-11-08 08:32:59,touy,15072,QQ乐园,123
2018-11-08 08:32:59,touy,14571,云外千峰,123
2018-11-08 08:32:59,touy,15207,华夏贷,123
2018-11-08 08:33:01,touy,8764,诚诚,394
2018-11-08 08:33:01,touy,123,谨明,394
2018-11-08 08:33:01,touy,3092,phantom,394
2018-11-08 08:33:01,touy,933,么么恨倪,394
2018-11-08 08:33:01,touy,316,包谷芯,394
2018-11-08 08:33:01,touy,3602,SR^小波,394
2018-11-08 08:33:01,touy,4155,wenwen2012,394
2018-11-08 08:33:01,touy,569,frankzou,394
2018-11-08 08:33:02,touy,20144,银实贷石头,287
2018-11-08 08:33:02,touy,17497,wanwan123,287
2018-11-08 08:33:02,touy,18834,幸福从这里开始,287
2018-11-08 08:33:02,touy,11830,欧.V.Romeo,287
2018-11-08 08:33:02,touy,8128,2038612715,287
2018-11-08 08:33:02,touy,19881,cloud,287
2018-11-08 08:33:02,touy,14357,轻舟,287
2018-11-08 08:33:02,touy,12716,果果爱多多,287
2018-11-08 08:33:02,touy,8901,紫龙,123
2018-11-08 08:33:02,touy,14749,东方诸葛,123
2018-11-08 08:33:03,touy,6679,我在线上,123
2018-11-08 08:33:03,touy,11317,风云纷纭,123
2018-11-08 08:33:03,touy,14654,阿肥,123
2018-11-08 08:33:03,touy,14671,大地会说话,123
2018-11-08 08:33:03,touy,9141,七圆钱,123
2018-11-08 08:33:03,touy,13809,爱富爸爸,123
2018-11-08 08:33:03,touy,14502,haveli369,123
2018-11-08 08:33:05,touy,8128,2038612715,408
2018-11-08 08:33:06,touy,17504,ocbaker,287
2018-11-08 08:33:06,touy,12963,莲花财富1001,287
2018-11-08 08:33:06,touy,10535,灵犀一指,287
2018-11-08 08:33:06,touy,13876,chingjy888,287
2018-11-08 08:33:06,touy,17772,不知何人,287
2018-11-08 08:33:06,touy,9606,孤星泪,287
2018-11-08 08:33:06,touy,12236,wanghong,287
2018-11-08 08:33:06,touy,7766,贷帮网,287
2018-11-08 08:33:06,touy,11247,那_仁,287
2018-11-08 08:33:07,touy,14412,信融财富Michael,123
2018-11-08 08:33:07,touy,10328,非凡的蓝,123
2018-11-08 08:33:07,touy,11587,健康投资,123
2018-11-08 08:33:07,touy,9906,沙河一舟,123
2018-11-08 08:33:07,touy,13895,天在下雨,123
2018-11-08 08:33:07,touy,14044,贾宝玉大全,123
2018-11-08 08:33:07,touy,12154,徽融通-枫,123
2018-11-08 08:33:07,touy,9095,uhfkenf,123
2018-11-08 08:33:07,touy,120385,sd1005777,411
2018-11-08 08:33:07,touy,74686,琪琪cyxuan,411
2018-11-08 08:33:07,touy,56813,chang,411
2018-11-08 08:33:07,touy,25244,丹尼阿维斯,411
2018-11-08 08:33:07,touy,35196,有喜财富,411
2018-11-08 08:33:07,touy,37002,菜鸟先飞,411
2018-11-08 08:33:07,touy,27907,zizhuying,411
2018-11-08 08:33:07,touy,7766,贷帮网,411
2018-11-08 08:33:07,touy,287,曾经,411
2018-11-08 08:33:08,touy,6453,星辰心愿,413
2018-11-08 08:33:08,touy,316,包谷芯,413
2018-11-08 08:33:08,touy,569,frankzou,413
2018-11-08 08:33:09,touy,287,曾经,415
2018-11-08 08:33:09,touy,123,谨明,415
2018-11-08 08:33:09,touy,233963,SHanwqXGFK,416
2018-11-08 08:33:09,touy,230246,NangAKSrGQ,416
2018-11-08 08:33:09,touy,227374,DerPKHaOE,416
2018-11-08 08:33:09,touy,83193,hecong,416
2018-11-08 08:33:09,touy,35281,BerniceSun,416
2018-11-08 08:33:09,touy,35259,slip2008,416
2018-11-08 08:33:09,touy,12036,warmblue,416
2018-11-08 08:33:09,touy,34157,榈弘金,416
2018-11-08 08:33:09,touy,13663,icetea,416
2018-11-08 08:33:10,touy,411,jlx2000cn,287
2018-11-08 08:33:10,touy,15389,hexin123456,287
2018-11-08 08:33:10,touy,14710,凤岗人,287
2018-11-08 08:33:10,touy,11418,Dream,287
2018-11-08 08:33:10,touy,14244,论坛管理员1,287
2018-11-08 08:33:10,touy,3671,jjlink,287
2018-11-08 08:33:10,touy,13848,JingzI.,287
2018-11-08 08:33:10,touy,10328,非凡的蓝,287
2018-11-08 08:33:10,touy,14207,在线贷,287
2018-11-08 08:33:10,touy,13575,terr5013,123
2018-11-08 08:33:10,touy,8993,yzhou,123
2018-11-08 08:33:10,touy,13851,睿逸财富,123
2018-11-08 08:33:10,touy,13844,开心贷琪琪,123
2018-11-08 08:33:10,touy,13761,乖丶徒儿,123
2018-11-08 08:33:10,touy,13396,莲花财富1004,123
2018-11-08 08:33:10,touy,12792,小吉吉,123
2018-11-08 08:33:10,touy,13174,莲花财富1003,123
2018-11-08 08:33:10,touy,12624,ocean_fish,123
2018-11-08 08:33:11,touy,9950,huxk88,411
2018-11-08 08:33:11,touy,10680,wacai123,411
2018-11-08 08:33:11,touy,8993,yzhou,411
2018-11-08 08:33:11,touy,13761,乖丶徒儿,411
2018-11-08 08:33:11,touy,8764,诚诚,411
2018-11-08 08:33:11,touy,18,论坛管理员,411
2018-11-08 08:33:11,touy,12324,jml3855,411
2018-11-08 08:33:11,touy,123,谨明,411
2018-11-08 08:33:12,touy,316,包谷芯,418
2018-11-08 08:33:13,touy,40861,俯瞰天下,416
2018-11-08 08:33:13,touy,7984,anxin808,416
2018-11-08 08:33:13,touy,29150,599151331,416
2018-11-08 08:33:13,touy,21988,圣骑士,416
2018-11-08 08:33:13,touy,27216,刀哥,416
2018-11-08 08:33:13,touy,21529,火锅,416
2018-11-08 08:33:13,touy,22370,和信贷,416
2018-11-08 08:33:13,touy,12677,房一哥,416
2018-11-08 08:33:13,touy,8128,2038612715,416
2018-11-08 08:33:14,touy,8993,yzhou,287
2018-11-08 08:33:14,touy,13895,天在下雨,287
2018-11-08 08:33:14,touy,13858,1280449573,287
2018-11-08 08:33:14,touy,13174,莲花财富1003,287
2018-11-08 08:33:14,touy,8373,沙鑫,287
2018-11-08 08:33:14,touy,8593,fjb123189,287
2018-11-08 08:33:14,touy,13068,立贷网小二,287
2018-11-08 08:33:14,touy,71,song,287
2018-11-08 08:33:14,touy,13562,frank113,287
2018-11-08 08:33:14,touy,411,jlx2000cn,123
2018-11-08 08:33:14,touy,12905,guo3314,123
2018-11-08 08:33:14,touy,12709,厦门帝网科技,123
2018-11-08 08:33:14,touy,274,2461998206,123
2018-11-08 08:33:14,touy,10141,billybaoly,123
2018-11-08 08:33:14,touy,5490,Linda,123
2018-11-08 08:33:14,touy,12730,信誉资本/sun,123
2018-11-08 08:33:14,touy,12336,柳河月弯弯,123
2018-11-08 08:33:14,touy,9262,点点,123
2018-11-08 08:33:17,touy,147710,P2P网贷系统,427
2018-11-08 08:33:17,touy,17691,My、queen,416
2018-11-08 08:33:17,touy,16993,绿麻雀网贷系统,416
2018-11-08 08:33:17,touy,7766,贷帮网,416
2018-11-08 08:33:17,touy,8764,诚诚,416
